{"cameraMode":{"drawMode":0,"name":"Shaded","section":"Shading Mode"},"sceneLighting":true,"audioPlay":false,"sceneViewState":{"m_AlwaysRefresh":false,"showFog":true,"showSkybox":true,"showFlares":true,"showImageEffects":true,"showParticleSystems":true,"showVisualEffectGraphs":true,"m_FxEnabled":true},"in2DMode":false,"pivot":{"x":-121.94886779785156,"y":137.3849334716797,"z":-2.8709144592285158},"rotation":{"x":0.014438874088227749,"y":-0.6718081831932068,"z":0.013104937970638276,"w":0.7404758930206299},"size":105.34062957763672,"orthographic":false}